Ioc,Type
26b4c1b52c357b6c876c28ccbe95b86f93767142c050952c92cd774cc7dd8d37,FileHash3
7a51e7dec2080d22fea9edd2757b68687a7ba8c4dd1ba83ea7e68dc73539134b,FileHash3
b53bc20c9191f83e511c617ec7b8a5e05d5b77be5a1e44276f8cae761010d7d7,FileHash3
f18f10f9b74b987bf98d163bdfb7b619dcb7b39b3349ae3ccdcc5f348d6e0c75,FileHash3
77.75.230.128,IP
06499640306a9ed055f9a4c6c14eefc4,FileHash1
1531ff9a4911ca0e8c72f191de2a26a1,FileHash1
3155c986fe6d40e08e0346d365103d16,FileHash1
328e53ef2c3c7d263f0254bae215a167,FileHash1
4453b84610b1acd1acfa681cb77b744e,FileHash1
48ee4c9fac8d1206bb74064becdbc1dc,FileHash1
502682c47631413b0c02e8f71dcd4f54,FileHash1
507c53ae37eb650421ec8906e7ce55ea,FileHash1
6abbbfd86930482ea56dff3518101d73,FileHash1
6b5e190930da35969cb45a16a119ca52,FileHash1
71411be0504f3101dc85bfc25bdb8210,FileHash1
7f57f5ff2e066eac7262e6100030ad96,FileHash1
818b1fe0efc0f0365fd70bfe92663206,FileHash1
a59accf2adfd39ce3b94916008ffc62b,FileHash1
ba10210792cf2849761b9bb94eae1772,FileHash1
bd00562f54da988c5e30d91b85fe5d10,FileHash1
cc4b5b435af4b39e9233f9514b5825aa,FileHash1
d3a36f50ad96e8b796815c43fbd4315c,FileHash1
dd16178714b2e56cfd858f7e8a62f3f1,FileHash1
f6802a45a09c3b62b2d59bc30f4c0eb1,FileHash1
0c73aaedfcded2c17073399a38b0436506166d70,FileHash2
44daaa16d15900477deffccd45e39bc7e047176b,FileHash2
538f3d6d1ab66d13a7cc8baa95dd6ded785cc0c2,FileHash2
577a679396e29ffb6ed5c5ebe58479e8abf558aa,FileHash2
6091ec9f72d03b33ca910b099f2209ac72d1d85f,FileHash2
66b7672e5520c62398a3374ed935786111889126,FileHash2
69e58274cc655574c53d9415ab4f786401e5b119,FileHash2
718880e2097836c71c98906f79d89075ded4199e,FileHash2
74765116726b3b4e11201bec5182cc5f07a462f0,FileHash2
77244eca202a57fd4c4cd184ba3ca60d535c6ced,FileHash2
7b5e7289de8d01b8da1760d2839a03851ff1564f,FileHash2
80c58e172981922665022dcf97801e0cbd06c5ac,FileHash2
8e2b24c7ba7a12a77bf087164463abe5754dd379,FileHash2
a8f391d4835c29df499e790bb27c3986a35bf009,FileHash2
b6689071086009faa939ef96cdc39fab608d6db1,FileHash2
d703ecc2319d6b01f369ac727b9db2d2dd16a857,FileHash2
f0d9dfba9d954fbfd212d96f6c4fa88ce4efc3fa,FileHash2
1573133121cec1eef93fbb0e2d63f93c8786e1778df08d6052f301fffc9bba6b,FileHash3
18a87edb723b9ccc3c5d20295d7677ab21daebd48f8de6f1da7de30061c124ba,FileHash3
26aaae989ad0c1b2b8845c150e3f74be88b1177e93fb86ecef46a31d09fb1af6,FileHash3
2e698c8ff8399eaf27d2dda8fed11d151fcf4d723715468fe1dcc298ac32aa36,FileHash3
3d168a611e3471f886c6a3b79e8b9ab7c8d29d6fe5798b17fa83a022daf5092b,FileHash3
50bebe4e6ebe9d176d66b5a731f47907d5b21933fe8ad053f44080ab45d6ed9c,FileHash3
541fc32b79d9f144db3d670967676bafaf306f25067ceb98ed2a3c7ef48bc7f4,FileHash3
63e7274a42105e01623ec9df7fb401348d6eec85f285b21199b41e1d35a74e19,FileHash3
6dfad8c5a6a3e85dd5b9f9aab41729320774b7afe0494b05fbb7627a6e59df75,FileHash3
7ca1d6b079514f6136d1bb97a5f91a2440afffd497d5adf0ac40f8730b41e6cb,FileHash3
86066f57d90e9f5caa8bb4ee9f41ad94c485c5c7015da40a95b01e70e53ca4f7,FileHash3
973c1876bd0154e86ae07d42336605f54537c5f9a37c79cc82b26fd0f4fb17e9,FileHash3
a22000919d8998ba2433229779787404b0d55d0ff805fa039d5055164ab68560,FileHash3
b45ace5a35914dcd4beb7486f3ddad4bbd84be245d403b9e6a3f1b907aa4ae03,FileHash3
bbc994d3a91480e58678eea6c15baf8ceb136b8ad1493d38715e9d8a24921a43,FileHash3
d500651aa22f2f42ba0a8d940b7ee292601ca5f7dbd17f2e589550e511c290bc,FileHash3
e5a191588642d946b17f3bb6a040591eef4548da07e07a7b423062ef5d2d4049,FileHash3
codezian.com,Domain
energizett.com,Domain
essaadiyine.com,Domain
facturarlo.com,Domain
gojireekitchen.in,Domain
huzerconsulting.com,Domain
mairie-fimela.com,Domain
moxii.com,Domain
myvigyan.com,Domain
oceansteel.in,Domain
omshreejyotishyam.com,Domain
smartvizx.com,Domain
studentservicespk.com,Domain
tob-it.net,Domain
visualcontrast.com.au,Domain
witchygypsy.com,Domain
spincotech.com,Domain
khatriassociates.com,Domain
attanzil.org,Domain
boosterfollow.com,Domain
haraj5.com,Domain
key4academy.com,Domain
myanviral.com,Domain
olimobile.com,Domain
fightfactory-ks.com,Domain
minaato.com,Domain
oiartzunirratia.eus,Domain
somosnutrisalud.cl,Domain
103.214.71.45,IP
139.99.117.17,IP
185.104.195.95,IP
45.155.37.124,IP
91.235.234.97,IP
95.179.215.225,IP
glynebbwtravel.co.uk,Domain
membrane.ae,Domain
somonoo.com,Domain
sellscentre.com,Domain
